sponsor;marathon
BMW;Berlin Marathon
adidas;Berlin Marathon
Abbott;Berlin Marathon
Zalando;Berlin Marathon
TCS;London Marathon
New Balance;London Marathon
Abbott;London Marathon
Buxton;London Marathon
Coopah;London Marathon
enthuse;London Marathon
Ford;London Marathon
GetPRO;London Marathon
HubSpot;London Marathon
iFIT;London Marathon
Lucozade;London Marathon
Marathon Tour & Travel;London Marathon
Radox;London Marathon
Shokz;London Marathon
Sports Tours International;London Marathon
Tag Heuer;London Marathon
Voltarol;London Marathon
Bank of America;Chicago Marathon
Nike;Chicago Marathon
Abbott;Chicago Marathon
TCS;Chicago Marathon
Advocate Health Care;Chicago Marathon
KIA;Chicago Marathon
Gatorade;Chicago Marathon
Biofreeze;Chicago Marathon
Bank of America;Boston Marathon
adidas;Boston Marathon
Schneider Electric;Boston Marathon
ESPN;Boston Marathon
TCS;Boston Marathon
Gatorade;Boston Marathon
Samuel Adams;Boston Marathon
Abbott;Boston Marathon
Honda;Boston Marathon
Dicks;Boston Marathon